{
  "project_info": {
    "project_number": "749472313481",
    "firebase_url": "https://androidlogin-95a64.firebaseio.com",
    "project_id": "androidlogin-95a64",
    "storage_bucket": "androidlogin-95a64.appspot.com"
  },
  "client": [
    {
      "client_info": {
        "mobilesdk_app_id": "1:749472313481:android:c6332f85121eeb659f1658",
        "android_client_info": {
          "package_name": "com.example.android.logindemo"
        }
      },
      "oauth_client": [
        {
          "client_id": "749472313481-ntqv6jvl3jdlqb842s04b2bj9jocq7s7.apps.googleusercontent.com",
          "client_type": 3
        }
      ],
      "api_key": [
        {
          "current_key": "AIzaSyDl34KJJ5EiT8KSVYQ0kmMaY3NAAz5fpDs"
        }
      ],
      "services": {
        "appinvite_service": {
          "other_platform_oauth_client": [
            {
              "client_id": "749472313481-ntqv6jvl3jdlqb842s04b2bj9jocq7s7.apps.googleusercontent.com",
              "client_type": 3
            }
          ]
        }
      }
    }
  ],
  "configuration_version": "1"
}